day,record_count
2024-06-27,41
2024-06-17,41
2024-06-16,1599
2024-06-15,1350
2024-06-14,977
2024-06-13,969
2024-06-12,1272
2024-06-11,1242
2024-06-10,1204
2024-06-09,1691
2024-06-08,1190
2024-06-07,957
2024-06-06,1125
2024-06-05,1444
2024-06-04,1709
2024-06-03,1304
2024-06-02,2186
2024-06-01,1982
2024-05-31,1449
2024-05-30,1695
2024-05-29,1362
2024-05-28,1418
2024-05-27,1273
2024-05-26,1522
2024-05-25,1344
2024-05-24,1056
2024-05-23,1332
2024-05-22,1798
2024-05-21,1574
2024-05-20,1546
2024-05-19,1710
2024-05-18,1577
2024-05-17,1307
2024-05-16,1669
2024-05-15,1672
2024-05-14,1537
2024-05-13,1504
2024-05-12,2198
2024-05-11,1844
2024-05-10,1438
2024-05-09,1788
2024-05-08,1577
2024-05-07,1624
2024-05-06,2042
2024-05-05,2580
2024-05-04,2270
2024-05-03,1737
2024-05-02,1485
2024-05-01,2821
2024-04-30,1386
2024-04-29,1408
2024-04-28,2408
2024-04-27,2067
2024-04-26,1444
2024-04-25,1409
2024-04-24,1237
2024-04-23,1254
2024-04-22,1348
2024-04-21,2429
2024-04-20,2129
2024-04-19,1536
2024-04-18,1439
2024-04-17,1490
2024-04-16,1585
2024-04-15,1543
2024-04-14,2169
2024-04-13,1817
2024-04-12,1203
2024-04-11,2036
2024-04-10,2228
2024-04-09,2223
2024-04-08,1741
2024-04-07,2291
2024-04-06,2078
2024-04-05,1977
2024-04-04,1781
2024-04-03,1680
2024-04-02,1471
2024-04-01,2001
2024-03-31,1275
2024-03-30,1144
2024-03-29,1554
2024-03-28,1010
2024-03-27,1129
2024-03-26,1552
2024-03-25,1479
2024-03-24,2552
2024-03-23,2158
2024-03-22,1583
2024-03-21,1536
2024-03-20,1742
2024-03-19,1723
2024-03-18,1790
2024-03-17,2831
2024-03-16,2518
2024-03-15,2147
2024-03-14,2117
2024-03-13,2191
2024-03-12,2394
2024-03-11,2035
2024-03-10,3030
2024-03-09,2715
2024-03-08,2025
2024-03-07,2118
2024-03-06,2558
2024-03-05,2536
2024-03-04,2225
2024-03-03,3468
2024-03-02,2750
2024-03-01,2335
2024-02-29,2413
2024-02-28,2644
2024-02-27,2561
2024-02-26,2408
2024-02-25,3562
2024-02-24,3196
2024-02-23,2578
2024-02-22,2878
2024-02-21,2791
2024-02-20,2727
2024-02-19,2700
2024-02-18,3493
2024-02-17,2929
2024-02-16,2532
2024-02-15,2386
2024-02-14,2056
2024-02-13,2299
2024-02-12,2566
2024-02-11,3666
2024-02-10,3126
2024-02-09,2744
2024-02-08,2802
2024-02-07,2762
2024-02-06,2866
2024-02-05,2867
2024-02-04,2933
2024-02-03,2951
2024-02-02,2528
2024-02-01,2462
2024-01-31,1768
2024-01-30,1629
2024-01-29,1502
2024-01-28,2338
2024-01-27,1950
2024-01-26,1545
2024-01-25,1711
2024-01-24,1832
2024-01-23,2263
2024-01-22,2281
2024-01-21,2880
2024-01-20,2629
2024-01-19,2184
2024-01-18,2085
2024-01-17,1764
2024-01-16,1670
2024-01-15,1994
2024-01-14,3314
2024-01-13,3276
2024-01-12,2881
2024-01-11,3281
2024-01-10,2273
2024-01-09,2046
2024-01-08,1932
2024-01-07,2818
2024-01-06,2519
2024-01-05,2257
2024-01-04,2195
2024-01-03,2424
2024-01-02,2489
2024-01-01,2069
2023-12-31,1514
2023-12-30,1903
2023-12-29,1996
2023-12-28,2193
2023-12-27,2245
2023-12-26,2062
2023-12-25,855
2023-12-24,696
2023-12-23,889
2023-12-22,757
2023-12-21,1054
2023-12-20,1173
2023-12-19,1183
2023-12-18,1230
2023-12-17,1812
2023-12-16,1545
2023-12-15,1239
2023-12-14,1248
2023-12-13,1234
2023-12-12,1180
2023-12-11,1220
2023-12-10,1694
2023-12-09,1527
2023-12-08,1341
2023-12-07,1386
2023-12-06,1334
2023-12-05,1354
2023-12-04,1353
2023-12-03,1955
2023-12-02,1681
2023-12-01,1278
2023-11-30,1385
2023-11-29,1303
2023-11-28,984
2023-11-27,825
2023-11-26,1366
2023-11-25,1082
2023-11-24,928
2023-11-23,918
2023-11-22,1004
2023-11-21,1066
2023-11-20,1121
2023-11-19,1605
2023-11-18,1411
2023-11-17,1189
2023-11-16,1232
2023-11-15,1206
2023-11-14,1212
2023-11-13,1499
2023-11-12,2119
2023-11-11,1943
2023-11-10,1866
2023-11-09,1981
2023-11-08,1990
2023-11-07,1998
2023-11-06,2109
2023-11-05,2752
2023-11-04,2736
2023-11-03,2352
2023-11-02,1995
2023-11-01,2050
2023-10-31,1460
2023-10-30,1028
2023-10-29,1492
2023-10-28,1426
2023-10-27,1215
2023-10-26,908
2023-10-25,724
2023-10-24,564
2023-10-23,1265
2023-10-22,3316
2023-10-21,3258
2023-10-20,2904
2023-10-19,1767
2023-10-18,1939
2023-10-17,1839
2023-10-16,2387
2023-10-15,4175
2023-10-14,3356
2023-10-13,2557
2023-10-12,2709
2023-10-11,2414
2023-10-10,2451
2023-10-09,2809
2023-10-08,4679
2023-10-07,4094
2023-10-06,3190
2023-10-05,2810
2023-10-04,3005
2023-10-03,3534
2023-10-02,2846
2023-10-01,4066
2023-09-30,3220
2023-09-29,2780
2023-09-28,3070
2023-09-27,3170
2023-09-26,2957
2023-09-25,2895
2023-09-24,4574
2023-09-23,3903
2023-09-22,3022
2023-09-21,3359
2023-09-20,3250
2023-09-19,3593
2023-09-18,3398
2023-09-17,5838
2023-09-16,4345
2023-09-15,3438
2023-09-14,3669
2023-09-13,2673
2023-09-12,2778
2023-09-11,2426
2023-09-10,4242
2023-09-09,3270
2023-09-08,2244
2023-09-07,1751
2023-09-06,1704
2023-09-05,1883
2023-09-04,1633
2023-09-03,2871
2023-09-02,2254
2023-09-01,2152
2023-08-31,2230
2023-08-30,2526
2023-08-29,2311
2023-08-28,2024
2023-08-27,3075
2023-08-26,2467
2023-08-25,2286
2023-08-24,1821
2023-08-23,1671
2023-08-22,1362
2023-08-21,1502
2023-08-20,2385
2023-08-19,2272
2023-08-18,2235
2023-08-17,2228
2023-08-16,1886
2023-08-15,1803
2023-08-14,1314
2023-08-13,1711
2023-08-12,1497
2023-08-11,1097
2023-08-10,1471
2023-08-09,1760
2023-08-08,1550
2023-08-07,1371
2023-08-06,2207
2023-08-05,2005
2023-08-04,1824
2023-08-03,2118
2023-08-02,2179
2023-08-01,2345
2023-07-31,1755
2023-07-30,2361
2023-07-29,1812
2023-07-28,1434
2023-07-27,1598
2023-07-26,1351
2023-07-25,1221
2023-07-24,1359
2023-07-23,2349
2023-07-22,1638
2023-07-21,1457
2023-07-20,1478
2023-07-19,1842
2023-07-18,1256
2023-07-17,1404
2023-07-16,2360
2023-07-15,1943
2023-07-14,1889
2023-07-13,1493
2023-07-12,809
2023-07-11,761
2023-07-10,894
2023-07-09,1536
2023-07-08,1217
2023-07-07,1504
2023-07-06,1483
2023-07-05,1277
2023-07-04,1139
2023-07-03,1294
2023-07-02,2112
2023-07-01,1970
2023-06-30,1413
2023-06-29,1332
2023-06-28,1337
2023-06-27,1092
2023-06-26,979
2023-06-25,1545
2023-06-24,1305
2023-06-23,1206
2023-06-22,1362
2023-06-21,1032
2023-06-20,936
2023-06-19,1102
2023-06-18,1830
2023-06-17,1256
2023-06-16,837
2023-06-15,909
2023-06-14,1202
2023-06-13,1182
2023-06-12,1163
2023-06-11,1980
2023-06-10,1224
2023-06-09,1160
2023-06-08,1335
2023-06-07,1178
2023-06-06,1308
2023-06-05,1419
2023-06-04,2791
2023-06-03,1850
2023-06-02,1752
2023-06-01,1614
2023-05-31,1580
2023-05-30,1432
2023-05-29,2211
2023-05-28,2486
2023-05-27,1871
2023-05-26,1480
2023-05-25,1036
2023-05-24,1499
2023-05-23,1144
2023-05-22,1312
2023-05-21,2671
2023-05-20,1793
2023-05-19,1546
2023-05-18,1816
2023-05-17,1223
2023-05-16,1675
2023-05-15,1895
2023-05-14,2860
2023-05-13,2309
2023-05-12,1686
2023-05-11,2084
2023-05-10,2222
2023-05-09,1779
2023-05-08,2301
2023-05-07,3709
2023-05-06,3107
2023-05-05,2704
2023-05-04,2921
2023-05-03,2364
2023-05-02,1892
2023-05-01,3889
2023-04-30,3836
2023-04-29,3079
2023-04-28,1878
2023-04-27,2161
2023-04-26,1887
2023-04-25,1882
2023-04-24,2482
2023-04-23,2987
2023-04-22,2745
2023-04-21,1915
2023-04-20,2179
2023-04-19,2100
2023-04-18,1711
2023-04-17,2111
2023-04-16,3834
2023-04-15,2897
2023-04-14,1795
2023-04-13,2404
2023-04-12,2398
2023-04-11,1781
2023-04-10,2791
2023-04-09,2373
2023-04-08,2476
2023-04-07,2569
2023-04-06,2601
2023-04-05,2219
2023-04-04,2091
2023-04-03,2645
2023-04-02,4162
2023-04-01,3725
2023-03-31,2671
2023-03-30,2453
2023-03-29,2855
2023-03-28,2446
2023-03-27,2570
2023-03-26,4453
2023-03-25,4523
2023-03-24,2373
2023-03-23,1840
2023-03-22,1809
2023-03-21,1717
2023-03-20,1713
2023-03-19,3106
2023-03-18,2498
2023-03-17,1801
2023-03-16,1843
2023-03-15,1739
2023-03-14,1621
2023-03-13,1321
2023-03-12,3040
2023-03-11,2387
2023-03-10,1898
2023-03-09,1786
2023-03-08,1804
2023-03-07,1818
2023-03-06,2082
2023-03-05,3774
2023-03-04,3144
2023-03-03,2253
2023-03-02,2400
2023-03-01,2399
2023-02-28,1965
2023-02-27,2246
2023-02-26,3251
2023-02-25,2888
2023-02-24,2626
2023-02-23,3250
2023-02-22,3688
2023-02-21,3671
2023-02-20,3034
2023-02-19,4997
2023-02-18,4698
2023-02-17,3426
2023-02-16,2715
2023-02-15,2238
2023-02-14,2152
2023-02-13,2262
2023-02-12,4090
2023-02-11,3390
2023-02-10,2323
2023-02-09,2231
2023-02-08,2419
2023-02-07,2482
2023-02-06,2560
2023-02-05,4090
2023-02-04,3602
2023-02-03,2987
2023-02-02,2763
2023-02-01,2962
2023-01-31,3266
2023-01-30,3221
2023-01-29,4800
2023-01-28,4213
2023-01-27,3307
2023-01-26,3108
2023-01-25,2719
2023-01-24,2443
2023-01-23,2886
2023-01-22,4534
2023-01-21,3859
2023-01-20,3031
2023-01-19,3121
2023-01-18,3185
2023-01-17,3022
2023-01-16,2671
2023-01-15,3332
2023-01-14,3159
2023-01-13,2159
2023-01-12,2121
2023-01-11,2096
2023-01-10,2037
2023-01-09,1852
2023-01-08,2487
2023-01-07,2258
2023-01-06,2144
2023-01-05,1926
2023-01-04,2148
2023-01-03,1945
2023-01-02,1863
2023-01-01,1546
2022-12-31,644
2022-12-30,1295
2022-12-29,1509
2022-12-28,1710
2022-12-27,1930
2022-12-26,2085
2022-12-25,993
2022-12-24,783
2022-12-23,874
2022-12-22,1013
2022-12-21,832
2022-12-20,829
2022-12-19,974
2022-12-18,1590
2022-12-17,1423
2022-12-16,1088
2022-12-15,1341
2022-12-14,1443
2022-12-13,1429
2022-12-12,1391
2022-12-11,2387
2022-12-10,1969
2022-12-09,1570
2022-12-08,1815
2022-12-07,1520
2022-12-06,1543
2022-12-05,1735
2022-12-04,3082
2022-12-03,2479
2022-12-02,1836
2022-12-01,1761
2022-11-30,1323
2022-11-29,1429
2022-11-28,1123
2022-11-27,1858
2022-11-26,1859
2022-11-25,946
2022-11-24,1276
2022-11-23,1430
2022-11-22,1429
2022-11-21,1151
2022-11-20,1940
2022-11-19,1658
2022-11-18,1436
2022-11-17,1342
2022-11-16,1211
2022-11-15,1350
2022-11-14,1460
2022-11-13,2174
2022-11-12,1663
2022-11-11,1629
2022-11-10,1581
2022-11-09,2079
2022-11-08,2049
2022-11-07,1678
2022-11-06,2670
2022-11-05,2270
2022-11-04,1802
2022-11-03,1885
2022-11-02,1915
2022-11-01,2680
2022-10-31,1842
2022-10-30,2854
2022-10-29,2477
2022-10-28,2202
2022-10-27,2192
2022-10-26,2264
2022-10-25,2184
2022-10-24,2170
2022-10-23,2881
2022-10-22,2440
2022-10-21,2091
2022-10-20,2028
2022-10-19,1933
2022-10-18,1567
2022-10-17,1676
2022-10-16,2488
2022-10-15,2217
2022-10-14,1790
2022-10-13,1926
2022-10-12,1989
2022-10-11,1738
2022-10-10,1954
2022-10-09,2641
2022-10-08,2303
2022-10-07,1887
2022-10-06,1957
2022-10-05,2237
2022-10-04,2063
2022-10-03,2803
2022-10-02,3832
2022-10-01,3467
2022-09-30,2758
2022-09-29,2455
2022-09-28,2533
2022-09-27,2344
2022-09-26,2219
2022-09-25,3214
2022-09-24,2921
2022-09-23,2365
2022-09-22,2354
2022-09-21,2834
2022-09-20,2404
2022-09-19,2437
2022-09-18,3878
2022-09-17,3577
2022-09-16,3278
2022-09-15,2784
2022-09-14,2293
2022-09-13,2601
2022-09-12,2088
2022-09-11,2993
2022-09-10,2106
2022-09-09,1983
2022-09-08,2588
2022-09-07,1984
2022-09-06,1844
2022-09-05,1762
2022-09-04,3182
2022-09-03,2244
2022-09-02,1892
2022-09-01,2266
2022-08-31,2309
2022-08-30,1677
2022-08-29,1706
2022-08-28,2703
2022-08-27,2109
2022-08-26,1746
2022-08-25,1972
2022-08-24,2311
2022-08-23,2307
2022-08-22,2351
2022-08-21,2999
2022-08-20,2500
2022-08-19,1876
2022-08-18,1607
2022-08-17,1692
2022-08-16,1199
2022-08-15,1528
2022-08-14,1623
2022-08-13,1456
2022-08-12,1556
2022-08-11,1209
2022-08-10,1374
2022-08-09,1583
2022-08-08,1389
2022-08-07,1929
2022-08-06,1659
2022-08-05,1504
2022-08-04,1340
2022-08-03,1348
2022-08-02,1665
2022-08-01,1424
2022-07-31,1640
2022-07-30,1277
2022-07-29,1162
2022-07-28,893
2022-07-27,1084
2022-07-26,976
2022-07-25,908
2022-07-24,1040
2022-07-23,816
2022-07-22,655
2022-07-21,871
2022-07-20,1061
2022-07-19,1018
2022-07-18,855
2022-07-17,1076
2022-07-16,835
2022-07-15,696
2022-07-14,790
2022-07-13,672
2022-07-12,686
2022-07-11,688
2022-07-10,1326
2022-07-09,1064
2022-07-08,958
2022-07-07,1065
2022-07-06,1188
2022-07-05,1436
2022-07-04,1727
2022-07-03,2329
2022-07-02,2121
2022-07-01,2008
2022-06-30,2541
2022-06-29,2622
2022-06-28,2395
2022-06-27,1803
2022-06-26,2073
2022-06-25,1433
2022-06-24,1054
2022-06-23,986
2022-06-22,1243
2022-06-21,1375
2022-06-20,1222
2022-06-19,1884
2022-06-18,1447
2022-06-17,1230
2022-06-16,1431
2022-06-15,1489
2022-06-14,1356
2022-06-13,1483
2022-06-12,1876
2022-06-11,1920
2022-06-10,1423
2022-06-09,1239
2022-06-08,1541
2022-06-07,1240
2022-06-06,1653
2022-06-05,1825
2022-06-04,1523
2022-06-03,1647
2022-06-02,1627
2022-06-01,1351
2022-05-31,1372
2022-05-30,1439
2022-05-29,2002
2022-05-28,1389
2022-05-27,1009
2022-05-26,1021
2022-05-25,1220
2022-05-24,1342
2022-05-23,1104
2022-05-22,1633
2022-05-21,1180
2022-05-20,1005
2022-05-19,1211
2022-05-18,1411
2022-05-17,1164
2022-05-16,1258
2022-05-15,2282
2022-05-14,1947
2022-05-13,1749
2022-05-12,2260
2022-05-11,2028
2022-05-10,2981
2022-05-09,2682
2022-05-08,3824
2022-05-07,2833
2022-05-06,2336
2022-05-05,2608
2022-05-04,2614
2022-05-03,2306
2022-05-02,2278
2022-05-01,3199
2022-04-30,2708
2022-04-29,2525
2022-04-28,3128
2022-04-27,3193
2022-04-26,3468
2022-04-25,4846
2022-04-24,3712
2022-04-23,3550
2022-04-22,2644
2022-04-21,2355
2022-04-20,1904
2022-04-19,1529
2022-04-18,2357
2022-04-17,2072
2022-04-16,1785
2022-04-15,2140
2022-04-14,1685
2022-04-13,1651
2022-04-12,1684
2022-04-11,1408
2022-04-10,2576
2022-04-09,2293
2022-04-08,1837
2022-04-07,2696
2022-04-06,1662
2022-04-05,2218
2022-04-04,3558
2022-04-03,5593
2022-04-02,4612
2022-04-01,3928
2022-03-31,2914
2022-03-30,3480
2022-03-29,3579
2022-03-28,3462
2022-03-27,5246
2022-03-26,4069
2022-03-25,4049
2022-03-24,3503
2022-03-23,3452
2022-03-22,3442
2022-03-21,2863
2022-03-20,4861
2022-03-19,4103
2022-03-18,3273
2022-03-17,2836
2022-03-16,3672
2022-03-15,3450
2022-03-14,3060
2022-03-13,6140
2022-03-12,5134
2022-03-11,3800
2022-03-10,3061
2022-03-09,2668
2022-03-08,1953
2022-03-07,2641
2022-03-06,4645
2022-03-05,3638
2022-03-04,2672
2022-03-03,3233
2022-03-02,4098
2022-03-01,2367
2022-02-28,2220
2022-02-27,3301
2022-02-26,2868
2022-02-25,1673
2022-02-24,2034
2022-02-23,2570
2022-02-22,2442
2022-02-21,2329
2022-02-20,4581
2022-02-19,3613
2022-02-18,3109
2022-02-17,3361
2022-02-16,3326
2022-02-15,2741
2022-02-14,2190
2022-02-13,4302
2022-02-12,3866
2022-02-11,3148
2022-02-10,2826
2022-02-09,2743
2022-02-08,2587
2022-02-07,2448
2022-02-06,4338
2022-02-05,3110
2022-02-04,3657
2022-02-03,2767
2022-02-02,2387
2022-02-01,2930
2022-01-31,3739
2022-01-30,5533
2022-01-29,4037
2022-01-28,3009
2022-01-27,3139
2022-01-26,2579
2022-01-25,3337
2022-01-24,3364
2022-01-23,5907
2022-01-22,5148
2022-01-21,4904
2022-01-20,8239
2022-01-19,6254
2022-01-18,2258
2022-01-17,2622
2022-01-16,5124
2022-01-15,3318
2022-01-14,2579
2022-01-13,2358
2022-01-12,2295
2022-01-11,2724
2022-01-10,2186
2022-01-09,4917
2022-01-08,4004
2022-01-07,2966
2022-01-06,3104
2022-01-05,3106
2022-01-04,3466
2022-01-03,3211
2022-01-02,4879
2022-01-01,3675
2021-12-31,2434
2021-12-30,3438
2021-12-29,4165
2021-12-28,3653
2021-12-27,2378
2021-12-26,2248
2021-12-25,1027
2021-12-24,731
2021-12-23,1106
2021-12-22,1269
2021-12-21,1181
2021-12-20,1083
2021-12-19,1962
2021-12-18,1049
2021-12-17,760
2021-12-16,898
2021-12-15,1052
2021-12-14,1289
2021-12-13,1140
2021-12-12,2501
2021-12-11,2260
2021-12-10,1533
2021-12-09,1122
2021-12-08,1443
2021-12-07,894
2021-12-06,988
2021-12-05,1601
2021-12-04,1239
2021-12-03,1007
2021-12-02,1054
2021-12-01,1405
2021-11-30,1279
2021-11-29,979
2021-11-28,1821
2021-11-27,1532
2021-11-26,1197
2021-11-25,1107
2021-11-24,1382
2021-11-23,1625
2021-11-22,2082
2021-11-21,3466
2021-11-20,2820
2021-11-19,2639
2021-11-18,2510
2021-11-17,1454
2021-11-16,1250
2021-11-15,1204
2021-11-14,2415
2021-11-13,1693
2021-11-12,824
2021-11-11,1888
2021-11-10,1751
2021-11-09,1600
2021-11-08,1582
2021-11-07,3059
2021-11-06,3094
2021-11-05,1324
2021-11-04,1509
2021-11-03,2004
2021-11-02,1628
2021-11-01,3351
2021-10-31,3126
2021-10-30,1997
2021-10-29,1871
2021-10-28,1811
2021-10-27,1688
2021-10-26,1883
2021-10-25,2439
2021-10-24,3777
2021-10-23,3357
2021-10-22,2497
2021-10-21,1765
2021-10-20,1877
2021-10-19,2090
2021-10-18,1810
2021-10-17,2703
2021-10-16,2057
2021-10-15,1529
2021-10-14,1644
2021-10-13,1958
2021-10-12,2086
2021-10-11,2247
2021-10-10,3563
2021-10-09,2334
2021-10-08,1740
2021-10-07,2085
2021-10-06,2015
2021-10-05,1857
2021-10-04,2083
2021-10-03,4231
2021-10-02,2980
2021-10-01,2519
2021-09-30,2012
2021-09-29,2012
2021-09-28,1813
2021-09-27,1967
2021-09-26,3336
2021-09-25,2237
2021-09-24,1447
2021-09-23,1574
2021-09-22,1450
2021-09-21,1488
2021-09-20,1836
2021-09-19,2801
2021-09-18,2809
2021-09-17,2934
2021-09-16,2841
2021-09-15,2152
2021-09-14,2320
2021-09-13,2428
2021-09-12,4103
2021-09-11,2997
2021-09-10,2278
2021-09-09,2084
2021-09-08,2186
2021-09-07,2067
2021-09-06,2432
2021-09-05,3761
2021-09-04,3902
2021-09-03,3210
2021-09-02,3630
2021-09-01,3308
2021-08-31,1941
2021-08-30,2123
2021-08-29,2980
2021-08-28,2071
2021-08-27,1461
2021-08-26,1426
2021-08-25,1434
2021-08-24,1497
2021-08-23,1382
2021-08-22,2219
2021-08-21,2331
2021-08-20,1716
2021-08-19,1933
2021-08-18,2538
2021-08-17,2255
2021-08-16,1531
2021-08-15,2091
2021-08-14,1477
2021-08-13,1920
2021-08-12,2154
2021-08-11,2361
2021-08-10,2199
2021-08-09,2341
2021-08-08,2491
2021-08-07,2058
2021-08-06,1951
2021-08-05,1965
2021-08-04,2062
2021-08-03,1783
2021-08-02,1598
2021-08-01,2276
2021-07-31,1513
2021-07-30,1387
2021-07-29,1324
2021-07-28,1463
2021-07-27,1897
2021-07-26,1580
2021-07-25,2162
2021-07-24,1857
2021-07-23,1340
2021-07-22,1419
2021-07-21,1197
2021-07-20,1528
2021-07-19,1626
2021-07-18,2343
2021-07-17,1766
2021-07-16,1625
2021-07-15,1608
2021-07-14,2235
2021-07-13,2114
2021-07-12,1204
2021-07-11,1883
2021-07-10,1787
2021-07-09,1646
2021-07-08,1601
2021-07-07,1568
2021-07-06,1860
2021-07-05,2015
2021-07-04,3004
2021-07-03,3000
2021-07-02,3034
2021-07-01,3758
2021-06-30,3825
2021-06-29,3628
2021-06-28,3279
2021-06-27,4214
2021-06-26,3274
2021-06-25,2907
2021-06-24,2740
2021-06-23,2906
2021-06-22,2859
2021-06-21,2354
2021-06-20,2653
2021-06-19,2333
2021-06-18,1682
2021-06-17,1706
2021-06-16,1563
2021-06-15,1128
2021-06-14,670
2021-06-13,716
2021-06-12,704
2021-06-11,570
2021-06-10,1463
2021-06-09,888
2021-06-08,1082
2021-06-07,1519
2021-06-06,2638
2021-06-05,2072
2021-06-04,2211
2021-06-03,1269
2021-06-02,2431
2021-06-01,4345
2021-05-31,1346
2021-05-30,1974
2021-05-29,1762
2021-05-28,1287
2021-05-27,1479
2021-05-26,1402
2021-05-25,1467
2021-05-24,2013
2021-05-23,2969
2021-05-22,2630
2021-05-21,1791
2021-05-20,1517
2021-05-19,1600
2021-05-18,1847
2021-05-17,2317
2021-05-16,4602
2021-05-15,3522
2021-05-14,2505
2021-05-13,3510
2021-05-12,2676
2021-05-11,3179
2021-05-10,3506
2021-05-09,4766
2021-05-08,4513
2021-05-07,2794
2021-05-06,3211
2021-05-05,2133
2021-05-04,2405
2021-05-03,2543
2021-05-02,3067
2021-05-01,3089
2021-04-30,1635
2021-04-29,1457
2021-04-28,1273
2021-04-27,1639
2021-04-26,1459
2021-04-25,2087
2021-04-24,2125
2021-04-23,1922
2021-04-22,2027
2021-04-21,1389
2021-04-20,2174
2021-04-19,2341
2021-04-18,3326
2021-04-17,3056
2021-04-16,3144
2021-04-15,1874
2021-04-14,1952
2021-04-13,6668
2021-04-12,3178
2021-04-11,5007
2021-04-10,3212
2021-04-09,2296
2021-04-08,2137
2021-04-07,2270
2021-04-06,2403
2021-04-05,4142
2021-04-04,3160
2021-04-03,2977
2021-04-02,2083
2021-04-01,1633
2021-03-31,1573
2021-03-30,1794
2021-03-29,1577
2021-03-28,2234
2021-03-27,1946
2021-03-26,1808
2021-03-25,2125
2021-03-24,2127
2021-03-23,2375
2021-03-22,2477
2021-03-21,3467
2021-03-20,2360
2021-03-19,1924
2021-03-18,2764
2021-03-17,2626
2021-03-16,3044
2021-03-15,3252
2021-03-14,5626
2021-03-13,5720
2021-03-12,4293
2021-03-11,2770
2021-03-10,2811
2021-03-09,2159
2021-03-08,1956
2021-03-07,4527
2021-03-06,4451
2021-03-05,3581
2021-03-04,2710
2021-03-03,2119
2021-03-02,2477
2021-03-01,2431
2021-02-28,4604
2021-02-27,2902
2021-02-26,2496
2021-02-25,2071
2021-02-24,1705
2021-02-23,2200
2021-02-22,2556
2021-02-21,3230
2021-02-20,3149
2021-02-19,2244
2021-02-18,2039
2021-02-17,2081
2021-02-16,2633
2021-02-15,2922
2021-02-14,5126
2021-02-13,5018
2021-02-12,3524
2021-02-11,2752
2021-02-10,3671
2021-02-09,4826
2021-02-08,3474
2021-02-07,4870
2021-02-06,4070
2021-02-05,2812
2021-02-04,2902
2021-02-03,3258
2021-02-02,3320
2021-02-01,3252
2021-01-31,5545
2021-01-30,4380
2021-01-29,3026
2021-01-28,3329
2021-01-27,3011
2021-01-26,3490
2021-01-25,3283
2021-01-24,6368
2021-01-23,5199
2021-01-22,3245
2021-01-21,2905
2021-01-20,2545
2021-01-19,3239
2021-01-18,2954
2021-01-17,6081
2021-01-16,4082
2021-01-15,2444
2021-01-14,2481
2021-01-13,2299
2021-01-12,1835
2021-01-11,1600
2021-01-10,3786
2021-01-09,3260
2021-01-08,1618
2021-01-07,1620
2021-01-06,1810
2021-01-05,1675
2021-01-04,1752
2021-01-03,2976
2021-01-02,2503
2021-01-01,2186
2020-12-31,906
2020-12-30,1662
2020-12-29,2119
2020-12-28,2288
2020-12-27,3128
2020-12-26,2056
2020-12-25,1000
2020-12-24,554
2020-12-23,675
2020-12-22,755
2020-12-21,733
2020-12-20,1529
2020-12-19,1433
2020-12-18,919
2020-12-17,985
2020-12-16,1068
2020-12-15,1216
2020-12-14,1308
2020-12-13,1587
2020-12-12,957
2020-12-11,753
2020-12-10,480
2020-12-09,619
2020-12-08,1245
2020-12-07,839
2020-12-06,1507
2020-12-05,1116
2020-12-04,993
2020-12-03,1090
2020-12-02,1271
2020-12-01,1563
2020-11-30,1207
2020-11-29,2253
2020-11-28,2123
2020-11-27,1581
2020-11-26,1619
2020-11-25,1656
2020-11-24,2012
2020-11-23,2979
2020-11-22,6664
2020-11-21,4706
2020-11-20,3387
2020-11-19,3234
2020-11-18,2906
2020-11-17,2619
2020-11-16,3826
2020-11-15,4771
2020-11-14,3339
2020-11-13,3452
2020-11-12,2791
2020-11-11,2954
2020-11-10,2214
2020-11-09,3047
2020-11-08,5211
2020-11-07,4073
2020-11-06,2498
2020-11-05,1889
2020-11-04,1916
2020-11-03,2162
2020-11-02,2731
2020-11-01,5748
2020-10-31,3522
2020-10-30,3125
2020-10-29,2063
2020-10-28,2812
2020-10-27,3142
2020-10-26,3091
2020-10-25,5878
2020-10-24,4280
2020-10-23,3234
2020-10-22,2392
2020-10-21,2294
2020-10-20,3443
2020-10-19,3749
2020-10-18,6047
2020-10-17,5410
2020-10-16,4141
2020-10-15,3830
2020-10-14,3582
2020-10-13,3787
2020-10-12,4963
2020-10-11,9609
2020-10-10,6308
2020-10-09,5768
2020-10-08,4577
2020-10-07,3150
2020-10-06,3242
2020-10-05,4107
2020-10-04,7994
2020-10-03,4852
2020-10-02,4512
2020-10-01,4355
2020-09-30,3587
2020-09-29,3159
2020-09-28,3051
2020-09-27,5580
2020-09-26,3906
2020-09-25,2878
2020-09-24,3047
2020-09-23,3054
2020-09-22,4510
2020-09-21,4803
2020-09-20,9252
2020-09-19,6368
2020-09-18,3354
2020-09-17,2799
2020-09-16,3178
2020-09-15,4081
2020-09-14,4041
2020-09-13,6407
2020-09-12,3893
2020-09-11,1629
2020-09-10,2784
2020-09-09,3261
2020-09-08,3444
2020-09-07,3122
2020-09-06,4870
2020-09-05,3203
2020-09-04,2743
2020-09-03,2606
2020-09-02,2441
2020-09-01,2264
2020-08-31,1897
2020-08-30,2967
2020-08-29,2241
2020-08-28,1725
2020-08-27,1490
2020-08-26,1886
2020-08-25,1639
2020-08-24,1808
2020-08-23,2740
2020-08-22,2089
2020-08-21,2305
2020-08-20,1921
2020-08-19,1735
2020-08-18,1318
2020-08-17,913
2020-08-16,2544
2020-08-15,1387
2020-08-14,1471
2020-08-13,1599
2020-08-12,1586
2020-08-11,1706
2020-08-10,1358
2020-08-09,1717
2020-08-08,1138
2020-08-07,1623
2020-08-06,1629
2020-08-05,1495
2020-08-04,1428
2020-08-03,1216
2020-08-02,1683
2020-08-01,1058
2020-07-31,881
2020-07-30,989
2020-07-29,1367
2020-07-28,1377
2020-07-27,797
2020-07-26,1088
2020-07-25,703
2020-07-24,691
2020-07-23,943
2020-07-22,1266
2020-07-21,1009
2020-07-20,934
2020-07-19,1677
2020-07-18,1179
2020-07-17,1318
2020-07-16,1626
2020-07-15,1352
2020-07-14,2084
2020-07-13,1559
2020-07-12,1979
2020-07-11,1540
2020-07-10,967
2020-07-09,1234
2020-07-08,1415
2020-07-07,1432
2020-07-06,1501
2020-07-05,2194
2020-07-04,1638
2020-07-03,1437
2020-07-02,1102
2020-07-01,1197
2020-06-30,1923
2020-06-29,1120
2020-06-28,1780
2020-06-27,1618
2020-06-26,1982
2020-06-25,1314
2020-06-24,1006
2020-06-23,1360
2020-06-22,1556
2020-06-21,1676
2020-06-20,1126
2020-06-19,928
2020-06-18,960
2020-06-17,912
2020-06-16,974
2020-06-15,1100
2020-06-14,1820
2020-06-13,1314
2020-06-12,1145
2020-06-11,1507
2020-06-10,1168
2020-06-09,1164
2020-06-08,1365
2020-06-07,2678
2020-06-06,1868
2020-06-05,1537
2020-06-04,1737
2020-06-03,1701
2020-06-02,1723
2020-06-01,1365
2020-05-31,2542
2020-05-30,1824
2020-05-29,1375
2020-05-28,1240
2020-05-27,1505
2020-05-26,1376
2020-05-25,1330
2020-05-24,2219
2020-05-23,2105
2020-05-22,2078
2020-05-21,2089
2020-05-20,2050
2020-05-19,1575
2020-05-18,1642
2020-05-17,2482
2020-05-16,2223
2020-05-15,1924
2020-05-14,1962
2020-05-13,1661
2020-05-12,1430
2020-05-11,1489
2020-05-10,3131
2020-05-09,3003
2020-05-08,3418
2020-05-07,3882
2020-05-06,2219
2020-05-05,2541
2020-05-04,2623
2020-05-03,4033
2020-05-02,2960
2020-05-01,3906
2020-04-30,2402
2020-04-29,1788
2020-04-28,1643
2020-04-27,1821
2020-04-26,3464
2020-04-25,2594
2020-04-24,1999
2020-04-23,1636
2020-04-22,1571
2020-04-21,2240
2020-04-20,2060
2020-04-19,3947
2020-04-18,2765
2020-04-17,1326
2020-04-16,1420
2020-04-15,1450
2020-04-14,1442
2020-04-13,1726
2020-04-12,1757
2020-04-11,1340
2020-04-10,1142
2020-04-09,1214
2020-04-08,1136
2020-04-07,1247
2020-04-06,1412
2020-04-05,2088
2020-04-04,1497
2020-04-03,1310
2020-04-02,1370
2020-04-01,1038
2020-03-31,1176
2020-03-30,1044
2020-03-29,2133
2020-03-28,1860
2020-03-27,1347
2020-03-26,1163
2020-03-25,1489
2020-03-24,1357
2020-03-23,1293
2020-03-22,2075
2020-03-21,2232
2020-03-20,1575
2020-03-19,1619
2020-03-18,1488
2020-03-17,1044
2020-03-16,1050
2020-03-15,2561
2020-03-14,2267
2020-03-13,1158
2020-03-12,1673
2020-03-11,1898
2020-03-10,2228
2020-03-09,1753
2020-03-08,3208
2020-03-07,2210
2020-03-06,1422
2020-03-05,1558
2020-03-04,2109
2020-03-03,2461
2020-03-02,2051
2020-03-01,5310
2020-02-29,2549
2020-02-28,1581
2020-02-27,3266
2020-02-26,2893
2020-02-25,2003
2020-02-24,1958
2020-02-23,2609
2020-02-22,2097
2020-02-21,1802
2020-02-20,1844
2020-02-19,1807
2020-02-18,2469
2020-02-17,2299
2020-02-16,4079
2020-02-15,2791
2020-02-14,1555
2020-02-13,2279
2020-02-12,2265
2020-02-11,2257
2020-02-10,2340
2020-02-09,5137
2020-02-08,2677
2020-02-07,1900
2020-02-06,2121
2020-02-05,2635
2020-02-04,2296
2020-02-03,2238
2020-02-02,5538
2020-02-01,4107
2020-01-31,3146
2020-01-30,3676
2020-01-29,3517
2020-01-28,3138
2020-01-27,2631
2020-01-26,6395
2020-01-25,4781
2020-01-24,3362
2020-01-23,3304
2020-01-22,3257
2020-01-21,2938
2020-01-20,2991
2020-01-19,6584
2020-01-18,5212
2020-01-17,4671
2020-01-16,7272
2020-01-15,5088
2020-01-14,6861
2020-01-13,3816
2020-01-12,11654
2020-01-11,6830
2020-01-10,6267
2020-01-09,6604
2020-01-08,3555
2020-01-07,2132
2020-01-06,2776
2020-01-05,6128
2020-01-04,5978
2020-01-03,6238
2020-01-02,8908
2020-01-01,3421
2019-12-31,1435
2019-12-30,2760
2019-12-29,5074
2019-12-28,4194
2019-12-27,3047
2019-12-26,2610
2019-12-25,1369
2019-12-24,1353
2019-12-23,2383
2019-12-22,4356
2019-12-21,3028
2019-12-20,1989
2019-12-19,1984
2019-12-18,1732
2019-12-17,1542
2019-12-16,1772
2019-12-15,3056
2019-12-14,2221
2019-12-13,1770
2019-12-12,2625
2019-12-11,2118
2019-12-10,1792
2019-12-09,2678
2019-12-08,4238
2019-12-07,2407
2019-12-06,2146
2019-12-05,1962
2019-12-04,1584
2019-12-03,1719
2019-12-02,1833
2019-12-01,2846
2019-11-30,1580
2019-11-29,1753
2019-11-28,2549
2019-11-27,2307
2019-11-26,2315
2019-11-25,2399
2019-11-24,4309
2019-11-23,3421
2019-11-22,3105
2019-11-21,3051
2019-11-20,3753
2019-11-19,2885
2019-11-18,2153
2019-11-17,5243
2019-11-16,3567
2019-11-15,2285
2019-11-14,2619
2019-11-13,3052
2019-11-12,3189
2019-11-11,3584
2019-11-10,4457
2019-11-09,3842
2019-11-08,3073
2019-11-07,2567
2019-11-06,2465
2019-11-05,3163
2019-11-04,2329
2019-11-03,4993
2019-11-02,3804
2019-11-01,4070
2019-10-31,2113
2019-10-30,3138
2019-10-29,2804
2019-10-28,3196
2019-10-27,5107
2019-10-26,3443
2019-10-25,3398
2019-10-24,3569
2019-10-23,3773
2019-10-22,4139
2019-10-21,3214
2019-10-20,3837
2019-10-19,2455
2019-10-18,2079
2019-10-17,2348
2019-10-16,2752
2019-10-15,2856
2019-10-14,2662
2019-10-13,5292
2019-10-12,3036
2019-10-11,2438
2019-10-10,2927
2019-10-09,2379
2019-10-08,2534
2019-10-07,3604
2019-10-06,6011
2019-10-05,4113
2019-10-04,3664
2019-10-03,4245
2019-10-02,4551
2019-10-01,3651
2019-09-30,3197
2019-09-29,6116
2019-09-28,3777
2019-09-27,3283
2019-09-26,4005
2019-09-25,3825
2019-09-24,3664
2019-09-23,3325
2019-09-22,6496
2019-09-21,5099
2019-09-20,3118
2019-09-19,3031
2019-09-18,2875
2019-09-17,1872
2019-09-16,2099
2019-09-15,4076
2019-09-14,2673
2019-09-13,2335
2019-09-12,2592
2019-09-11,2974
2019-09-10,3153
2019-09-09,3064
2019-09-08,4753
2019-09-07,4472
2019-09-06,2490
2019-09-05,2666
2019-09-04,2362
2019-09-03,1873
2019-09-02,2077
2019-09-01,3335
2019-08-31,3549
2019-08-30,1873
2019-08-29,2105
2019-08-28,2297
2019-08-27,1694
2019-08-26,1840
2019-08-25,1920
2019-08-24,1339
2019-08-23,1353
2019-08-22,1418
2019-08-21,1713
2019-08-20,2038
2019-08-19,1795
2019-08-18,2783
2019-08-17,1879
2019-08-16,1673
2019-08-15,2047
2019-08-14,2108
2019-08-13,2354
2019-08-12,2326
2019-08-11,2671
2019-08-10,2215
2019-08-09,2070
2019-08-08,1832
2019-08-07,2257
2019-08-06,2327
2019-08-05,2215
2019-08-04,3664
2019-08-03,3093
2019-08-02,2253
2019-08-01,2502
2019-07-31,3144
2019-07-30,2552
2019-07-29,2811
2019-07-28,4013
2019-07-27,3193
2019-07-26,2216
2019-07-25,2596
2019-07-24,2301
2019-07-23,2171
2019-07-22,1651
2019-07-21,3275
2019-07-20,2373
2019-07-19,1787
2019-07-18,2102
2019-07-17,2275
2019-07-16,2277
2019-07-15,2135
2019-07-14,3488
2019-07-13,1923
2019-07-12,2039
2019-07-11,2363
2019-07-10,2975
2019-07-09,2524
2019-07-08,2929
2019-07-07,4136
2019-07-06,2749
2019-07-05,2229
2019-07-04,3636
2019-07-03,3362
2019-07-02,3413
2019-07-01,1649
2019-06-30,2309
2019-06-29,1576
2019-06-28,1692
2019-06-27,2509
2019-06-26,2091
2019-06-25,2588
2019-06-24,1817
2019-06-23,2530
2019-06-22,1594
2019-06-21,1327
2019-06-20,1322
2019-06-19,2215
2019-06-18,1873
2019-06-17,1675
2019-06-16,3409
2019-06-15,3462
2019-06-14,2680
2019-06-13,1609
2019-06-12,1765
2019-06-11,1868
2019-06-10,2623
2019-06-09,3566
2019-06-08,3027
2019-06-07,2749
2019-06-06,3123
2019-06-05,3138
2019-06-04,2980
2019-06-03,2525
2019-06-02,4967
2019-06-01,3077
2019-05-31,3033
2019-05-30,3099
2019-05-29,2600
2019-05-28,2208
2019-05-27,2288
2019-05-26,3043
2019-05-25,2136
2019-05-24,1968
2019-05-23,2508
2019-05-22,2084
2019-05-21,1931
2019-05-20,1486
2019-05-19,4317
2019-05-18,2988
2019-05-17,1947
2019-05-16,2917
2019-05-15,3358
2019-05-14,2955
2019-05-13,1605
2019-05-12,2741
2019-05-11,2050
2019-05-10,1450
2019-05-09,2704
2019-05-08,2455
2019-05-07,1173
2019-05-06,1188
2019-05-05,2596
2019-05-04,1768
2019-05-03,1193
2019-05-02,1152
2019-05-01,2494
2019-04-30,1087
2019-04-29,1179
2019-04-28,2823
2019-04-27,1713
2019-04-26,1219
2019-04-25,1841
2019-04-24,1480
2019-04-23,1692
2019-04-22,2508
2019-04-21,2028
2019-04-20,1353
2019-04-19,1770
2019-04-18,1588
2019-04-17,1849
2019-04-16,1677
2019-04-15,1554
2019-04-14,2229
2019-04-13,2067
2019-04-12,1598
2019-04-11,1973
2019-04-10,2716
2019-04-09,1509
2019-04-08,1786
2019-04-07,3124
2019-04-06,2244
2019-04-05,1742
2019-04-04,1828
2019-04-03,2262
2019-04-02,1878
2019-04-01,1745
2019-03-31,2357
2019-03-30,1531
2019-03-29,1294
2019-03-28,1766
2019-03-27,2267
2019-03-26,1749
2019-03-25,1599
2019-03-24,3256
2019-03-23,2127
2019-03-22,1962
2019-03-21,1807
2019-03-20,1867
2019-03-19,2587
2019-03-18,2207
2019-03-17,4027
2019-03-16,3296
2019-03-15,2511
2019-03-14,4018
2019-03-13,2359
2019-03-12,2947
2019-03-11,3197
2019-03-10,7703
2019-03-09,7322
2019-03-08,3358
2019-03-07,3203
2019-03-06,4188
2019-03-05,2542
2019-03-04,1723
2019-03-03,3506
2019-03-02,4215
2019-03-01,2830
2019-02-28,2293
2019-02-27,2565
2019-02-26,1901
2019-02-25,1783
2019-02-24,3684
2019-02-23,2442
2019-02-22,2037
2019-02-21,2355
2019-02-20,2097
2019-02-19,1383
2019-02-18,2091
2019-02-17,3309
2019-02-16,2980
2019-02-15,2721
2019-02-14,2472
2019-02-13,3039
2019-02-12,2503
2019-02-11,3351
2019-02-10,4408
2019-02-09,3822
2019-02-08,2535
2019-02-07,2969
2019-02-06,3401
2019-02-05,3209
2019-02-04,2699
2019-02-03,3819
2019-02-02,4315
2019-02-01,1283
2019-01-31,1727
2019-01-30,1735
2019-01-29,933
2019-01-28,1228
2019-01-27,3886
2019-01-26,3211
2019-01-25,2377
2019-01-24,2500
2019-01-23,1709
2019-01-22,1551
2019-01-21,2110
2019-01-20,5392
2019-01-19,5797
2019-01-18,4471
2019-01-17,5895
2019-01-16,2657
2019-01-15,2841
2019-01-14,2232
2019-01-13,4674
2019-01-12,1895
2019-01-11,2211
2019-01-10,2621
2019-01-09,1770
2019-01-08,1919
2019-01-07,2218
2019-01-06,3290
2019-01-05,2940
2019-01-04,3132
2019-01-03,2087
2019-01-02,1583
2019-01-01,1680
2018-12-31,747
2018-12-30,1988
2018-12-29,2099
2018-12-28,1661
2018-12-27,2291
2018-12-26,1941
2018-12-25,792
2018-12-24,571
2018-12-23,1637
2018-12-22,1169
2018-12-21,1025
2018-12-20,1268
2018-12-19,1070
2018-12-18,1047
2018-12-17,980
2018-12-16,2486
2018-12-15,2172
2018-12-14,1306
2018-12-13,2029
2018-12-12,1763
2018-12-11,1260
2018-12-10,1281
2018-12-09,1885
2018-12-08,1410
2018-12-07,1152
2018-12-06,895
2018-12-05,592
2018-12-04,745
2018-12-03,678
2018-12-02,1434
2018-12-01,945
2018-11-30,658
2018-11-29,748
2018-11-28,1090
2018-11-27,495
2018-11-26,488
2018-11-25,911
2018-11-24,369
2018-11-23,427
2018-11-22,519
2018-11-21,622
2018-11-20,516
2018-11-19,566
2018-11-18,1426
2018-11-17,941
2018-11-16,646
2018-11-15,844
2018-11-14,816
2018-11-13,791
2018-11-12,1759
2018-11-11,2102
2018-11-10,568
2018-11-09,430
2018-11-08,721
2018-11-07,897
2018-11-06,727
2018-11-05,663
2018-11-04,1183
2018-11-03,921
2018-11-02,1026
2018-11-01,1856
2018-10-31,810
2018-10-30,792
2018-10-29,565
2018-10-28,1430
2018-10-27,850
2018-10-26,505
2018-10-25,650
2018-10-24,615
2018-10-23,570
2018-10-22,832
2018-10-21,1487
2018-10-20,937
2018-10-19,742
2018-10-18,743
2018-10-17,967
2018-10-16,730
2018-10-15,985
2018-10-14,1431
2018-10-13,665
2018-10-12,985
2018-10-11,915
2018-10-10,1411
2018-10-09,3967
2018-10-08,3279
2018-10-07,3686
2018-10-06,2322
2018-10-05,1973
2018-10-04,2472
2018-10-03,3308
2018-10-02,1103
2018-10-01,2180
2018-09-30,5476
2018-09-29,6991
2018-09-28,7060
2018-09-27,2732
2018-09-26,2324
2018-09-25,1404
2018-09-24,1377
2018-09-23,3152
2018-09-22,1426
2018-09-21,1187
2018-09-20,1114
2018-09-19,944
2018-09-18,1017
2018-09-17,689
2018-09-16,1231
2018-09-15,2118
2018-09-14,2011
2018-09-13,1624
2018-09-12,1611
2018-09-11,852
2018-09-10,1207
2018-09-09,2237
2018-09-08,2135
2018-09-07,1769
2018-09-06,2317
2018-09-05,1363
2018-09-04,1445
2018-09-03,1588
2018-09-02,1904
2018-09-01,1512
2018-08-31,1061
2018-08-30,1270
2018-08-29,1838
2018-08-28,865
2018-08-27,1247
2018-08-26,2082
2018-08-25,1673
2018-08-24,1584
2018-08-23,1913
2018-08-22,1918
2018-08-21,2280
2018-08-20,1659
2018-08-19,2010
2018-08-18,1142
2018-08-17,1079
2018-08-16,1616
2018-08-15,1932
2018-08-14,1337
2018-08-13,1475
2018-08-12,2115
2018-08-11,1515
2018-08-10,1739
2018-08-09,2625
2018-08-08,1695
2018-08-07,1157
2018-08-06,1215
2018-08-05,931
2018-08-04,313
2018-08-03,560
2018-08-02,875
2018-08-01,1111
2018-07-31,1163
2018-07-30,1381
2018-07-29,2455
2018-07-28,2403
2018-07-27,2319
2018-07-26,1354
2018-07-25,944
2018-07-24,1293
2018-07-23,1968
2018-07-22,2415
2018-07-21,2264
2018-07-20,1315
2018-07-19,1041
2018-07-18,1026
2018-07-17,803
2018-07-16,522
2018-07-15,996
2018-07-14,431
2018-07-13,566
2018-07-12,1150
2018-07-11,1825
2018-07-10,1746
2018-07-09,717
2018-07-08,1039
2018-07-07,812
2018-07-06,725
2018-07-05,810
2018-07-04,1679
2018-07-03,1328
2018-07-02,1093
2018-07-01,1702
2018-06-30,936
2018-06-29,688
2018-06-28,359
2018-06-27,362
2018-06-26,603
2018-06-25,399
2018-06-24,628
2018-06-23,501
2018-06-22,436
2018-06-21,554
2018-06-20,521
2018-06-19,969
2018-06-18,840
2018-06-17,1463
2018-06-16,1271
2018-06-15,771
2018-06-14,730
2018-06-13,714
2018-06-12,663
2018-06-11,772
2018-06-10,1123
2018-06-09,921
2018-06-08,862
2018-06-07,1109
2018-06-06,943
2018-06-05,1022
2018-06-04,954
2018-06-03,1481
2018-06-02,1182
2018-06-01,1108
2018-05-31,1220
2018-05-30,498
2018-05-29,303
2018-05-28,440
2018-05-27,632
2018-05-26,567
2018-05-25,707
2018-05-24,538
2018-05-23,699
2018-05-22,548
2018-05-21,630
2018-05-20,826
2018-05-19,380
2018-05-18,339
2018-05-17,455
2018-05-16,533
2018-05-15,466
2018-05-14,451
2018-05-13,657
2018-05-12,425
2018-05-11,371
2018-05-10,468
2018-05-09,453
2018-05-08,636
2018-05-07,436
2018-05-06,697
2018-05-05,531
2018-05-04,431
2018-05-03,624
2018-05-02,591
2018-05-01,1476
2018-04-30,920
2018-04-29,1384
2018-04-28,747
2018-04-27,668
2018-04-26,816
2018-04-25,971
2018-04-24,419
2018-04-23,208
2018-04-22,703
2018-04-21,449
2018-04-20,281
2018-04-19,344
2018-04-18,486
2018-04-17,439
2018-04-16,577
2018-04-15,1453
2018-04-14,1854
2018-04-13,1936
2018-04-12,1487
2018-04-11,993
2018-04-10,435
2018-04-09,610
2018-04-08,1252
2018-04-07,977
2018-04-06,423
2018-04-05,824
2018-04-04,734
2018-04-03,930
2018-04-02,1347
2018-04-01,800
2018-03-31,321
2018-03-30,399
2018-03-29,265
2018-03-28,238
2018-03-27,264
2018-03-26,329
2018-03-25,634
2018-03-24,834
2018-03-23,651
2018-03-22,671
2018-03-21,312
2018-03-20,315
2018-03-19,691
2018-03-18,1492
2018-03-17,930
2018-03-16,548
2018-03-15,507
2018-03-14,396
2018-03-13,820
2018-03-12,579
2018-03-11,1583
2018-03-10,1474
2018-03-09,914
2018-03-08,691
2018-03-07,918
2018-03-06,761
2018-03-05,891
2018-03-04,1456
2018-03-03,1550
2018-03-02,1262
2018-03-01,1375
2018-02-28,1239
2018-02-27,1268
2018-02-26,1051
2018-02-25,1355
2018-02-24,1241
2018-02-23,1079
2018-02-22,1019
2018-02-21,1212
2018-02-20,1199
2018-02-19,977
2018-02-18,1413
2018-02-17,1014
2018-02-16,901
2018-02-15,798
2018-02-14,700
2018-02-13,604
2018-02-12,807
2018-02-11,1426
2018-02-10,1184
2018-02-09,993
2018-02-08,1134
2018-02-07,1221
2018-02-06,985
2018-02-05,1014
2018-02-04,1396
2018-02-03,1015
2018-02-02,601
2018-02-01,614
2018-01-31,574
2018-01-30,518
2018-01-29,550
2018-01-28,1004
2018-01-27,832
2018-01-26,675
2018-01-25,789
2018-01-24,398
2018-01-23,434
2018-01-22,400
2018-01-21,489
2018-01-20,356
2018-01-19,392
2018-01-18,541
2018-01-17,734
2018-01-16,655
2018-01-15,831
2018-01-14,1119
2018-01-13,1148
2018-01-12,755
2018-01-11,624
2018-01-10,652
2018-01-09,853
2018-01-08,414
2018-01-07,596
2018-01-06,668
2018-01-05,849
2018-01-04,796
2018-01-03,690
2018-01-02,1241
2018-01-01,1295
2017-12-31,1136
2017-12-30,1496
2017-12-29,1134
2017-12-28,1127
2017-12-27,1210
2017-12-26,1057
2017-12-25,878
2017-12-24,679
2017-12-23,966
2017-12-22,669
2017-12-21,665
2017-12-20,544
2017-12-19,287
2017-12-18,259
2017-12-17,372
2017-12-16,434
2017-12-15,634
2017-12-14,346
2017-12-13,530
2017-12-12,398
2017-12-11,232
2017-12-10,408
2017-12-09,196
2017-12-08,206
2017-12-07,198
2017-12-06,248
2017-12-05,172
2017-12-04,233
2017-12-03,366
2017-12-02,219
2017-12-01,168
2017-11-30,333
2017-11-29,319
2017-11-28,220
2017-11-27,193
2017-11-26,254
2017-11-25,197
2017-11-24,206
2017-11-23,331
2017-11-22,292
2017-11-21,309
2017-11-20,330
2017-11-19,496
2017-11-18,387
2017-11-17,393
2017-11-16,388
2017-11-15,400
2017-11-14,395
2017-11-13,481
2017-11-12,828
2017-11-11,585
2017-11-10,606
2017-11-09,635
2017-11-08,620
2017-11-07,542
2017-11-06,554
2017-11-05,638
2017-11-04,438
2017-11-03,253
2017-11-02,311
2017-11-01,560
2017-10-31,226
2017-10-30,349
2017-10-29,605
2017-10-28,268
2017-10-27,308
2017-10-26,377
2017-10-25,368
2017-10-24,571
2017-10-23,613
2017-10-22,874
2017-10-21,577
2017-10-20,496
2017-10-19,652
2017-10-18,670
2017-10-17,544
2017-10-16,555
2017-10-15,722
2017-10-14,492
2017-10-13,510
2017-10-12,666
2017-10-11,467
2017-10-10,466
2017-10-09,592
2017-10-08,974
2017-10-07,875
2017-10-06,695
2017-10-05,1086
2017-10-04,872
2017-10-03,780
2017-10-02,436
2017-10-01,530
2017-09-30,269
2017-09-29,253
2017-09-28,310
2017-09-27,310
2017-09-26,370
2017-09-25,534
2017-09-24,620
2017-09-23,338
2017-09-22,305
2017-09-21,356
2017-09-20,392
2017-09-19,709
2017-09-18,581
2017-09-17,866
2017-09-16,789
2017-09-15,710
2017-09-14,870
2017-09-13,899
2017-09-12,862
2017-09-11,1200
2017-09-10,860
2017-09-09,307
2017-09-08,261
2017-09-07,214
2017-09-06,243
2017-09-05,249
2017-09-04,326
2017-09-03,473
2017-09-02,319
2017-09-01,357
2017-08-31,380
2017-08-30,823
2017-08-29,461
2017-08-28,337
2017-08-27,373
2017-08-26,311
2017-08-25,346
2017-08-24,339
2017-08-23,365
2017-08-22,346
2017-08-21,294
2017-08-20,401
2017-08-19,284
2017-08-18,251
2017-08-17,323
2017-08-16,312
2017-08-15,371
2017-08-14,269
2017-08-13,329
2017-08-12,214
2017-08-11,287
2017-08-10,341
2017-08-09,308
2017-08-08,262
2017-08-07,342
2017-08-06,368
2017-08-05,255
2017-08-04,264
2017-08-03,329
2017-08-02,342
2017-08-01,288
2017-07-31,139
2017-07-30,319
2017-07-29,294
2017-07-28,266
2017-07-27,263
2017-07-26,286
2017-07-25,282
2017-07-24,324
2017-07-23,598
2017-07-22,488
2017-07-21,402
2017-07-20,487
2017-07-19,490
2017-07-18,486
2017-07-17,403
2017-07-16,398
2017-07-15,251
2017-07-14,240
2017-07-13,310
2017-07-12,252
2017-07-11,235
2017-07-10,263
2017-07-09,253
2017-07-08,219
2017-07-07,283
2017-07-06,447
2017-07-05,194
2017-07-04,177
2017-07-03,148
2017-07-02,197
2017-07-01,155
2017-06-30,136
2017-06-29,160
2017-06-28,142
2017-06-27,190
2017-06-26,173
2017-06-25,187
2017-06-24,199
2017-06-23,151
2017-06-22,197
2017-06-21,205
2017-06-20,215
2017-06-19,224
2017-06-18,170
2017-06-17,133
2017-06-16,165
2017-06-15,213
2017-06-14,187
2017-06-13,243
2017-06-12,236
2017-06-11,328
2017-06-10,256
2017-06-09,279
2017-06-08,268
2017-06-07,303
2017-06-06,304
2017-06-05,362
2017-06-04,428
2017-06-03,371
2017-06-02,384
2017-06-01,421
2017-05-31,475
2017-05-30,528
2017-05-29,435
2017-05-28,522
2017-05-27,621
2017-05-26,980
2017-05-25,813
2017-05-24,681
2017-05-23,371
2017-05-22,296
2017-05-21,322
2017-05-20,295
2017-05-19,316
2017-05-18,334
2017-05-17,342
2017-05-16,323
2017-05-15,305
2017-05-14,458
2017-05-13,406
2017-05-12,357
2017-05-11,394
2017-05-10,429
2017-05-09,442
2017-05-08,491
2017-05-07,876
2017-05-06,417
2017-05-05,328
2017-05-04,287
2017-05-03,89
2017-05-02,49
2017-05-01,86
2017-04-30,102
2017-04-29,137
2017-04-28,176
2017-04-27,216
2017-04-26,210
2017-04-25,194
2017-04-24,169
2017-04-23,203
2017-04-22,177
2017-04-21,148
2017-04-20,174
2017-04-19,150
2017-04-18,193
2017-04-17,195
2017-04-16,223
2017-04-15,176
2017-04-14,218
2017-04-13,243
2017-04-12,172
2017-04-11,205
2017-04-10,171
2017-04-09,188
2017-04-08,178
2017-04-07,198
2017-04-06,184
2017-04-05,158
2017-04-04,184
2017-04-03,119
2017-04-02,148
2017-04-01,100
2017-03-31,122
2017-03-30,154
2017-03-29,166
2017-03-28,232
2017-03-27,202
2017-03-26,281
2017-03-25,251
2017-03-24,296
2017-03-23,325
2017-03-22,309
2017-03-21,426
2017-03-20,493
2017-03-19,613
2017-03-18,736
2017-03-17,1829
2017-03-16,659
2017-03-15,206
2017-03-14,202
2017-03-13,184
2017-03-12,257
2017-03-11,182
2017-03-10,182
2017-03-09,235
2017-03-08,231
2017-03-07,252
2017-03-06,208
2017-03-05,296
2017-03-04,223
2017-03-03,203
2017-03-02,239
2017-03-01,208
2017-02-28,143
2017-02-27,114
2017-02-26,209
2017-02-25,179
2017-02-24,187
2017-02-23,203
2017-02-22,178
2017-02-21,182
2017-02-20,192
2017-02-19,277
2017-02-18,222
2017-02-17,229
2017-02-16,323
2017-02-15,468
2017-02-14,354
2017-02-13,178
2017-02-12,239
2017-02-11,212
2017-02-10,161
2017-02-09,174
2017-02-08,195
2017-02-07,230
2017-02-06,123
2017-02-05,183
2017-02-04,178
2017-02-03,166
2017-02-02,161
2017-02-01,125
2017-01-31,195
2017-01-30,148
2017-01-29,222
2017-01-28,174
2017-01-27,169
2017-01-26,205
2017-01-25,230
2017-01-24,177
2017-01-23,218
2017-01-22,298
2017-01-21,241
2017-01-20,253
2017-01-19,311
2017-01-18,297
2017-01-17,328
2017-01-16,386
2017-01-15,528
2017-01-14,554
2017-01-13,1218
2017-01-12,635
2017-01-11,199
2017-01-10,297
2017-01-09,122
2017-01-08,160
2017-01-07,78
2017-01-06,64
2017-01-05,85
2017-01-04,91
2017-01-03,169
2017-01-02,160
2017-01-01,189
2016-12-31,100
2016-12-30,159
2016-12-29,190
2016-12-28,168
2016-12-27,209
2016-12-26,212
2016-12-25,179
2016-12-24,96
2016-12-23,118
2016-12-22,165
2016-12-21,140
2016-12-20,175
2016-12-19,151
2016-12-18,145
2016-12-17,96
2016-12-16,110
2016-12-15,133
2016-12-14,163
2016-12-13,181
2016-12-12,68
2016-12-11,149
2016-12-10,118
2016-12-09,115
2016-12-08,115
2016-12-07,77
2016-12-06,131
2016-12-05,87
2016-12-04,100
2016-12-03,104
2016-12-02,73
2016-12-01,75
2016-11-30,88
2016-11-29,109
2016-11-28,95
2016-11-27,102
2016-11-26,80
2016-11-25,85
2016-11-24,199
2016-11-23,64
2016-11-22,101
2016-11-21,123
2016-11-20,126
2016-11-19,115
2016-11-18,141
2016-11-17,214
2016-11-16,431
2016-11-15,136
2016-11-14,123
2016-11-13,175
2016-11-12,137
2016-11-11,111
2016-11-10,137
2016-11-09,142
2016-11-08,147
2016-11-07,112
2016-11-06,187
2016-11-05,151
2016-11-04,130
2016-11-03,141
2016-11-02,114
2016-11-01,130
2016-10-31,58
2016-10-30,57
2016-10-29,52
2016-10-28,53
2016-10-27,55
2016-10-26,54
2016-10-25,49
2016-10-24,43
2016-10-23,86
2016-10-22,70
2016-10-21,74
2016-10-20,95
2016-10-19,57
2016-10-18,72
2016-10-17,58
2016-10-16,68
2016-10-15,48
2016-10-14,82
2016-10-13,61
2016-10-12,78
2016-10-11,52
2016-10-10,49
2016-10-09,61
2016-10-08,42
2016-10-07,50
2016-10-06,41
2016-10-05,47
2016-10-04,51
2016-10-03,45
2016-10-02,63
2016-10-01,41
2016-09-30,47
2016-09-29,75
2016-09-28,46
2016-09-27,49
2016-09-26,52
2016-09-25,68
2016-09-24,47
2016-09-23,36
2016-09-22,32
2016-09-21,42
2016-09-20,54
2016-09-19,50
2016-09-18,55
2016-09-17,34
2016-09-16,43
2016-09-15,95
2016-09-14,40
2016-09-13,30
2016-09-12,27
2016-09-11,49
2016-09-10,24
2016-09-09,29
2016-09-08,35
2016-09-07,15
2016-09-06,29
2016-09-05,28
2016-09-04,51
2016-09-03,36
2016-09-02,23
2016-09-01,19
2016-08-31,16
2016-08-30,19
2016-08-29,26
2016-08-28,54
2016-08-27,53
2016-08-26,48
2016-08-25,61
2016-08-24,58
2016-08-23,68
2016-08-22,55
2016-08-21,60
2016-08-20,30
2016-08-19,35
2016-08-18,41
2016-08-17,36
2016-08-16,66
2016-08-15,81
2016-08-14,63
2016-08-13,60
2016-08-12,72
2016-08-11,61
2016-08-10,85
2016-08-09,76
2016-08-08,75
2016-08-07,79
2016-08-06,64
2016-08-05,50
2016-08-04,10
2016-08-03,14
2016-08-02,17
2016-08-01,28
2016-07-31,21
2016-07-30,14
2016-07-29,12
2016-07-28,20
2016-07-27,21
2016-07-26,23
2016-07-25,15
2016-07-24,18
2016-07-23,13
2016-07-22,7
2016-07-21,23
2016-07-20,26
2016-07-19,25
2016-07-18,15
2016-07-17,27
2016-07-16,15
2016-07-15,22
2016-07-14,16
2016-07-13,22
2016-07-12,23
2016-07-11,18
2016-07-10,20
2016-07-09,18
2016-07-08,12
2016-07-07,24
2016-07-06,33
2016-07-05,15
2016-07-04,26
2016-07-03,18
2016-07-02,39
2016-07-01,26
2016-06-30,84
2016-06-29,104
2016-06-28,96
2016-06-27,74
2016-06-26,68
2016-06-25,63
2016-06-24,73
2016-06-23,56
2016-06-22,56
2016-06-21,66
2016-06-20,47
2016-06-19,35
2016-06-18,39
2016-06-17,41
2016-06-16,72
2016-06-15,114
2016-06-14,216
2016-06-13,574
2016-06-12,13
2016-06-11,10
2016-06-10,17
2016-06-09,23
2016-06-08,22
2016-06-07,24
2016-06-06,14
2016-06-05,17
2016-06-04,16
2016-06-03,34
2016-06-02,51
2016-06-01,38
2016-05-31,31
2016-05-30,49
2016-05-29,36
2016-05-28,88
2016-05-27,28
2016-05-26,81
2016-05-25,61
2016-05-24,118
2016-05-23,38
2016-05-22,54
2016-05-21,33
2016-05-20,30
2016-05-19,76
2016-05-18,106
2016-05-17,46
2016-05-16,38
2016-05-15,35
2016-05-14,22
2016-05-13,32
2016-05-12,18
2016-05-11,35
2016-05-10,28
2016-05-09,33
2016-05-08,36
2016-05-07,31
2016-05-06,41
2016-05-05,47
2016-05-04,12
2016-05-03,16
2016-05-02,6
2016-05-01,15
2016-04-30,11
2016-04-29,24
2016-04-28,18
2016-04-27,18
2016-04-26,15
2016-04-25,22
2016-04-24,21
2016-04-23,15
2016-04-22,21
2016-04-21,35
2016-04-20,28
2016-04-19,30
2016-04-18,18
2016-04-17,26
2016-04-16,18
2016-04-15,28
2016-04-14,45
2016-04-13,40
2016-04-12,26
2016-04-11,10
2016-04-10,13
2016-04-09,26
2016-04-08,33
2016-04-07,74
2016-04-06,6
2016-04-05,6
2016-04-04,8
2016-04-03,11
2016-04-02,14
2016-04-01,19
2016-03-31,14
2016-03-30,13
2016-03-29,19
2016-03-28,15
2016-03-27,10
2016-03-26,15
2016-03-25,7
2016-03-24,17
2016-03-23,11
2016-03-22,9
2016-03-21,14
2016-03-20,19
2016-03-19,11
2016-03-18,10
2016-03-17,11
2016-03-16,12
2016-03-15,14
2016-03-14,36
2016-03-13,31
2016-03-12,14
2016-03-11,15
2016-03-10,31
2016-03-09,23
2016-03-08,18
2016-03-07,23
2016-03-06,51
2016-03-05,20
2016-03-04,47
2016-03-03,64
2016-03-02,22
2016-03-01,29
2016-02-29,32
2016-02-28,31
2016-02-27,34
2016-02-26,21
2016-02-25,27
2016-02-24,14
2016-02-23,23
2016-02-22,24
2016-02-21,31
2016-02-20,23
2016-02-19,19
2016-02-18,40
2016-02-17,60
2016-02-16,57
2016-02-15,60
2016-02-14,21
2016-02-13,3
2016-02-12,5
2016-02-10,5
2016-02-09,5
